sites	lineage	parent_lineage	protein	mutation	position	reference	alternate	protein_normalized
nsp3:L741F	A.23.1		nsp3	L741F	741.0	L	F	ORF1ab
nsp6:M86I	A.23.1		nsp6	M86I	86.0	M	I	ORF1ab
nsp6:L98F	A.23.1		nsp6	L98F	98.0	L	F	ORF1ab
nsp6:M183I	A.23.1		nsp6	M183I	183.0	M	I	ORF1ab
S:R102I	A.23.1		S	R102I	102.0	R	I	S
S:F157L	A.23.1		S	F157L	157.0	F	L	S
S:V367F	A.23.1		S	V367F	367.0	V	F	S
S:Q613H	A.23.1		S	Q613H	613.0	Q	H	S
S:P681R	A.23.1		S	P681R	681.0	P	R	S
ORF8:L84S	A.23.1		ORF8	L84S	84.0	L	S	ORF8
ORF8:E92K	A.23.1		ORF8	E92K	92.0	E	K	ORF8
N:S202N	A.23.1		N	S202N	202.0	S	N	N
s:D80G	AV.1		s	D80G	80.0	D	G	S
s:T95I	AV.1		s	T95I	95.0	T	I	S
s:G142D	AV.1		s	G142D	142.0	G	D	S
s:Y144-	AV.1		s	Y144-	144.0	Y	-	S
s:N439K	AV.1		s	N439K	439.0	N	K	S
s:E484K	AV.1		s	E484K	484.0	E	K	S
s:D614G	AV.1		s	D614G	614.0	D	G	S
s:P681H	AV.1		s	P681H	681.0	P	H	S
s:I1130V	AV.1		s	I1130V	1130.0	I	V	S
s:D1139H	AV.1		s	D1139H	1139.0	D	H	S
M:A63T	AV.1		M	A63T	63.0	A	T	M
M:H125Y	AV.1		M	H125Y	125.0	H	Y	M
N:I157V	AV.1		N	I157V	157.0	I	V	N
N:R203K	AV.1		N	R203K	203.0	R	K	N
N:G204R	AV.1		N	G204R	204.0	G	R	N
nuc:C3961T	B.1.1.318		nuc	C3961T	3961.0	C	T	ORF1ab
nsp3:K1693N	B.1.1.318		nsp3	K1693N	1693.0	K	N	ORF1ab
nsp4:T173I	B.1.1.318		nsp4	T173I	173.0	T	I	ORF1ab
nsp4:A446V	B.1.1.318		nsp4	A446V	446.0	A	V	ORF1ab
nsp5:T21I	B.1.1.318		nsp5	T21I	21.0	T	I	ORF1ab
del:11287:9	B.1.1.318		del	11287	11287.0			ORF1ab
nsp15:V320M	B.1.1.318		nsp15	V320M	320.0	V	M	ORF1ab
S:T95I	B.1.1.318		S	T95I	95.0	T	I	S
del:21990:3	B.1.1.318		del	21990	21990.0			S
S:E484K	B.1.1.318		S	E484K	484.0	E	K	S
nuc:T23287C	B.1.1.318		nuc	T23287C	23287.0	T	C	S
S:P681H	B.1.1.318		S	P681H	681.0	P	H	S
S:D796H	B.1.1.318		S	D796H	796.0	D	H	S
nuc:C25276A	B.1.1.318		nuc	C25276A	25276.0	C	A	S
M:I82T	B.1.1.318		M	I82T	82.0	I	T	M
del:27887:15	B.1.1.318		del	27887	27887.0			
ORF8:E106*	B.1.1.318		ORF8	E106*				ORF8
nuc:A28271G	B.1.1.318		nuc	A28271G	28271.0	A	G	
del:28895:3	B.1.1.318		del	28895	28895.0			N
nuc:C3037T	B.1.1.529		nuc	C3037T	3037.0	C	T	ORF1ab
orf1ab:T3255I	B.1.1.529		orf1ab	T3255I	3255.0	T	I	ORF1ab
orf1ab:P3395H	B.1.1.529		orf1ab	P3395H	3395.0	P	H	ORF1ab
orf1ab:SGF3675-	B.1.1.529		orf1ab	SGF3675-	3675.0	SGF	-	ORF1ab
orf1ab:P4715L	B.1.1.529		orf1ab	P4715L	4715.0	P	L	ORF1ab
orf1ab:I5967V	B.1.1.529		orf1ab	I5967V	5967.0	I	V	ORF1ab
spike:G142D	B.1.1.529		spike	G142D	142.0	G	D	S
spike:G339D	B.1.1.529		spike	G339D	339.0	G	D	S
spike:S373P	B.1.1.529		spike	S373P	373.0	S	P	S
spike:S375F	B.1.1.529		spike	S375F	375.0	S	F	S
spike:K417N	B.1.1.529		spike	K417N	417.0	K	N	S
spike:N440K	B.1.1.529		spike	N440K	440.0	N	K	S
spike:S477N	B.1.1.529		spike	S477N	477.0	S	N	S
spike:T478K	B.1.1.529		spike	T478K	478.0	T	K	S
spike:E484A	B.1.1.529		spike	E484A	484.0	E	A	S
spike:Q493R	B.1.1.529		spike	Q493R	493.0	Q	R	S
spike:Q498R	B.1.1.529		spike	Q498R	498.0	Q	R	S
spike:N501Y	B.1.1.529		spike	N501Y	501.0	N	Y	S
spike:Y505H	B.1.1.529		spike	Y505H	505.0	Y	H	S
spike:D614G	B.1.1.529		spike	D614G	614.0	D	G	S
spike:H655Y	B.1.1.529		spike	H655Y	655.0	H	Y	S
spike:N679K	B.1.1.529		spike	N679K	679.0	N	K	S
spike:P681H	B.1.1.529		spike	P681H	681.0	P	H	S
spike:N764K	B.1.1.529		spike	N764K	764.0	N	K	S
spike:D796Y	B.1.1.529		spike	D796Y	796.0	D	Y	S
spike:Q954H	B.1.1.529		spike	Q954H	954.0	Q	H	S
spike:N969K	B.1.1.529		spike	N969K	969.0	N	K	S
e:T9I	B.1.1.529		e	T9I	9.0	T	I	E
m:Q19E	B.1.1.529		m	Q19E	19.0	Q	E	M
m:A63T	B.1.1.529		m	A63T	63.0	A	T	M
nuc:A27259C	B.1.1.529		nuc	A27259C	27259.0	A	C	ORF6
nuc:C27807T	B.1.1.529		nuc	C27807T	27807.0	C	T	ORF7b
nuc:A28271T	B.1.1.529		nuc	A28271T	28271.0	A	T	
n:P13L	B.1.1.529		n	P13L	13.0	P	L	N
del:28362:9	B.1.1.529		del	28362	28362.0			N
n:RG203KR	B.1.1.529		n	RG203KR	203.0	RG	KR	N
nuc:C913T	B.1.1.7		nuc	C913T	913.0	C	T	ORF1ab
1ab:T1001I	B.1.1.7		1ab	T1001I	1001.0	T	I	ORF1ab
1ab:A1708D	B.1.1.7		1ab	A1708D	1708.0	A	D	ORF1ab
nuc:C5986T	B.1.1.7		nuc	C5986T	5986.0	C	T	ORF1ab
1ab:I2230T	B.1.1.7		1ab	I2230T	2230.0	I	T	ORF1ab
1ab:SGF3675-	B.1.1.7		1ab	SGF3675-	3675.0	SGF	-	ORF1ab
nuc:C14676T	B.1.1.7		nuc	C14676T	14676.0	C	T	ORF1ab
nuc:C15279T	B.1.1.7		nuc	C15279T	15279.0	C	T	ORF1ab
nuc:T16176C	B.1.1.7		nuc	T16176C	16176.0	T	C	ORF1ab
s:HV69-	B.1.1.7		s	HV69-	69.0	HV	-	S
s:Y144-	B.1.1.7		s	Y144-	144.0	Y	-	S
s:N501Y	B.1.1.7		s	N501Y	501.0	N	Y	S
s:A570D	B.1.1.7		s	A570D	570.0	A	D	S
s:P681H	B.1.1.7		s	P681H	681.0	P	H	S
s:T716I	B.1.1.7		s	T716I	716.0	T	I	S
s:S982A	B.1.1.7		s	S982A	982.0	S	A	S
s:D1118H	B.1.1.7		s	D1118H	1118.0	D	H	S
nuc:C26801T	B.1.1.7		nuc	C26801T	26801.0	C	T	M
8:Q27*	B.1.1.7		8	Q27*				ORF8
8:R52I	B.1.1.7		8	R52I	52.0	R	I	ORF8
8:Y73C	B.1.1.7		8	Y73C	73.0	Y	C	ORF8
N:D3L	B.1.1.7		N	D3L	3.0	D	L	N
N:S235F	B.1.1.7		N	S235F	235.0	S	F	N
NSP2:T85I	B.1.351		NSP2	T85I	85.0	T	I	ORF1ab
ORF1ab:K1655N	B.1.351		ORF1ab	K1655N	1655.0	K	N	ORF1ab
ORF1ab:K3353R	B.1.351		ORF1ab	K3353R	3353.0	K	R	ORF1ab
S:D80A	B.1.351		S	D80A	80.0	D	A	S
S:D215G	B.1.351		S	D215G	215.0	D	G	S
S:E484K	B.1.351		S	E484K	484.0	E	K	S
S:N501Y	B.1.351		S	N501Y	501.0	N	Y	S
S:A701V	B.1.351		S	A701V	701.0	A	V	S
ORF3a:Q57H	B.1.351		ORF3a	Q57H	57.0	Q	H	ORF3a
ORF3a:S171L	B.1.351		ORF3a	S171L	171.0	S	L	ORF3a
E:P71L	B.1.351		E	P71L	71.0	P	L	E
N:T205I	B.1.351		N	T205I	205.0	T	I	N
del:22280:9	B.1.351		del	22280	22280.0			S
del:11287:9	B.1.351		del	11287	11287.0			ORF1ab
spike:S13I	B.1.427		spike	S13I	13.0	S	I	S
spike:W152C	B.1.427		spike	W152C	152.0	W	C	S
spike:L452R	B.1.427		spike	L452R	452.0	L	R	S
nuc:C241T	B.1.427		nuc	C241T	241.0	C	T	
orf1a:T265I	B.1.427		orf1a	T265I	265.0	T	I	ORF1ab
nuc:C3037T	B.1.427		nuc	C3037T	3037.0	C	T	ORF1ab
orf1b:D1183Y	B.1.427		orf1b	D1183Y	1183.0	D	Y	ORF1ab
spike:D614G	B.1.427		spike	D614G	614.0	D	G	S
orf3a:Q57H	B.1.427		orf3a	Q57H	57.0	Q	H	ORF3a
nuc:C26681T	B.1.427		nuc	C26681T	26681.0	C	T	M
n:T205I	B.1.427		n	T205I	205.0	T	I	N
nuc:G13713A	B.1.427		nuc	G13713A	13713.0	G	A	ORF1ab
nuc:A28272T	B.1.427		nuc	A28272T	28272.0	A	T	
spike:S13I	B.1.429		spike	S13I	13.0	S	I	S
spike:W152C	B.1.429		spike	W152C	152.0	W	C	S
spike:L452R	B.1.429		spike	L452R	452.0	L	R	S
orf1a:T265I	B.1.429		orf1a	T265I	265.0	T	I	ORF1ab
nuc:C3037T	B.1.429		nuc	C3037T	3037.0	C	T	ORF1ab
orf1a:I4205V	B.1.429		orf1a	I4205V	4205.0	I	V	ORF1ab
orf1b:D1183Y	B.1.429		orf1b	D1183Y	1183.0	D	Y	ORF1ab
spike:D614G	B.1.429		spike	D614G	614.0	D	G	S
orf3a:Q57H	B.1.429		orf3a	Q57H	57.0	Q	H	ORF3a
nuc:T24349C	B.1.429		nuc	T24349C	24349.0	T	C	S
nuc:C26681T	B.1.429		nuc	C26681T	26681.0	C	T	M
nuc:G27890T	B.1.429		nuc	G27890T	27890.0	G	T	
nuc:A28272T	B.1.429		nuc	A28272T	28272.0	A	T	
n:T205I	B.1.429		n	T205I	205.0	T	I	N
nuc:C1498T	B.1.525		nuc	C1498T	1498.0	C	T	ORF1ab
nuc:A1807G	B.1.525		nuc	A1807G	1807.0	A	G	ORF1ab
nuc:T8593C	B.1.525		nuc	T8593C	8593.0	T	C	ORF1ab
nuc:C9565T	B.1.525		nuc	C9565T	9565.0	C	T	ORF1ab
nsp12:P323F	B.1.525		nsp12	P323F	323.0	P	F	ORF1ab
nuc:C18171T	B.1.525		nuc	C18171T	18171.0	C	T	ORF1ab
nuc:A20724G	B.1.525		nuc	A20724G	20724.0	A	G	ORF1ab
S:Q52R	B.1.525		S	Q52R	52.0	Q	R	S
S:E484K	B.1.525		S	E484K	484.0	E	K	S
S:Q677H	B.1.525		S	Q677H	677.0	Q	H	S
S:F888L	B.1.525		S	F888L	888.0	F	L	S
nuc:C24748T	B.1.525		nuc	C24748T	24748.0	C	T	S
E:L21F	B.1.525		E	L21F	21.0	L	F	E
M:I82T	B.1.525		M	I82T	82.0	I	T	M
nuc:A28699G	B.1.525		nuc	A28699G	28699.0	A	G	N
nuc:G29543T	B.1.525		nuc	G29543T	29543.0	G	T	
nuc:C3037T	B.1.526		nuc	C3037T	3037.0	C	T	ORF1ab
ORF1a:T265I	B.1.526		ORF1a	T265I	265.0	T	I	ORF1ab
ORF1a:L3201P	B.1.526		ORF1a	L3201P	3201.0	L	P	ORF1ab
1ab:SGF3675-	B.1.526		1ab	SGF3675-	3675.0	SGF	-	ORF1ab
ORF1b:P314L	B.1.526		ORF1b	P314L	314.0	P	L	ORF1ab
ORF1b:Q1011H	B.1.526		ORF1b	Q1011H	1011.0	Q	H	ORF1ab
nuc:A20262G	B.1.526		nuc	A20262G	20262.0	A	G	ORF1ab
S:L5F	B.1.526		S	L5F	5.0	L	F	S
S:T95I	B.1.526		S	T95I	95.0	T	I	S
S:D253G	B.1.526		S	D253G	253.0	D	G	S
S:E484K	B.1.526		S	E484K	484.0	E	K	S
S:D614G	B.1.526		S	D614G	614.0	D	G	S
S:A701V	B.1.526		S	A701V	701.0	A	V	S
ORF3a:P42L	B.1.526		ORF3a	P42L	42.0	P	L	ORF3a
ORF3a:Q57H	B.1.526		ORF3a	Q57H	57.0	Q	H	ORF3a
N:P199L	B.1.526		N	P199L	199.0	P	L	N
N:M234I	B.1.526		N	M234I	234.0	M	I	N
ORF8:T11I	B.1.526		ORF8	T11I	11.0	T	I	ORF8
S:S477N	B.1.526		S	S477N	477.0	S	N	S
S:Q957R	B.1.526		S	Q957R	957.0	Q	R	S
N:P13L	B.1.526		N	P13L	13.0	P	L	N
N:S202R	B.1.526		N	S202R	202.0	S	R	N
nuc:A28271-	B.1.526		nuc	A28271-	28271.0	A	-	
nuc:C3457T	B.1.617.1		nuc	C3457T	3457.0	C	T	ORF1ab
nsp3:T749I	B.1.617.1		nsp3	T749I	749.0	T	I	ORF1ab
nsp6:T77A	B.1.617.1		nsp6	T77A	77.0	T	A	ORF1ab
nsp13:M429I	B.1.617.1		nsp13	M429I	429.0	M	I	ORF1ab
nsp15:K259R	B.1.617.1		nsp15	K259R	259.0	K	R	ORF1ab
S:L452R	B.1.617.1		S	L452R	452.0	L	R	S
S:E484Q	B.1.617.1		S	E484Q	484.0	E	Q	S
S:P681R	B.1.617.1		S	P681R	681.0	P	R	S
ORF3a:S26L	B.1.617.1		ORF3a	S26L	26.0	S	L	ORF3a
ORF7a:V82A	B.1.617.1		ORF7a	V82A	82.0	V	A	ORF7a
N:R203M	B.1.617.1		N	R203M	203.0	R	M	N
S:T19R	B.1.617.2		S	T19R	19.0	T	R	S
S:G142D	B.1.617.2		S	G142D	142.0	G	D	S
S:L452R	B.1.617.2		S	L452R	452.0	L	R	S
S:T478K	B.1.617.2		S	T478K	478.0	T	K	S
S:P681R	B.1.617.2		S	P681R	681.0	P	R	S
S:D950N	B.1.617.2		S	D950N	950.0	D	N	S
ORF3a:S26L	B.1.617.2		ORF3a	S26L	26.0	S	L	ORF3a
M:I82T	B.1.617.2		M	I82T	82.0	I	T	M
ORF7a:V82A	B.1.617.2		ORF7a	V82A	82.0	V	A	ORF7a
ORF7a:T120I	B.1.617.2		ORF7a	T120I	120.0	T	I	ORF7a
N:D63G	B.1.617.2		N	D63G	63.0	D	G	N
N:R203M	B.1.617.2		N	R203M	203.0	R	M	N
N:D377Y	B.1.617.2		N	D377Y	377.0	D	Y	N
nuc:C835T	B.1.617.3		nuc	C835T	835.0	C	T	ORF1ab
nsp3:A1526V	B.1.617.3		nsp3	A1526V	1526.0	A	V	ORF1ab
nsp3:T1830I	B.1.617.3		nsp3	T1830I	1830.0	T	I	ORF1ab
nsp5:A194S	B.1.617.3		nsp5	A194S	194.0	A	S	ORF1ab
nsp6:A117V	B.1.617.3		nsp6	A117V	117.0	A	V	ORF1ab
nuc:C16293T	B.1.617.3		nuc	C16293T	16293.0	C	T	ORF1ab
S:T19R	B.1.617.3		S	T19R	19.0	T	R	S
S:L452R	B.1.617.3		S	L452R	452.0	L	R	S
S:E484Q	B.1.617.3		S	E484Q	484.0	E	Q	S
S:P681R	B.1.617.3		S	P681R	681.0	P	R	S
S:D950N	B.1.617.3		S	D950N	950.0	D	N	S
nuc:T27384C	B.1.617.3		nuc	T27384C	27384.0	T	C	ORF6
ORF7a:V82A	B.1.617.3		ORF7a	V82A	82.0	V	A	ORF7a
ORF8:T26I	B.1.617.3		ORF8	T26I	26.0	T	I	ORF8
N:P67S	B.1.617.3		N	P67S	67.0	P	S	N
N:R203M	B.1.617.3		N	R203M	203.0	R	M	N
N:D377Y	B.1.617.3		N	D377Y	377.0	D	Y	N
nuc:C3037T	B.1.621		nuc	C3037T	3037.0	C	T	ORF1ab
ORF1a:T1055A	B.1.621		ORF1a	T1055A	1055.0	T	A	ORF1ab
ORF1a:T1538I	B.1.621		ORF1a	T1538I	1538.0	T	I	ORF1ab
nuc:C6037T	B.1.621		nuc	C6037T	6037.0	C	T	ORF1ab
ORF1a:T3255I	B.1.621		ORF1a	T3255I	3255.0	T	I	ORF1ab
ORF1a:Q3729R	B.1.621		ORF1a	Q3729R	3729.0	Q	R	ORF1ab
nuc:A13057T	B.1.621		nuc	A13057T	13057.0	A	T	ORF1ab
ORF1b:P314L	B.1.621		ORF1b	P314L	314.0	P	L	ORF1ab
ORF1b:P1342S	B.1.621		ORF1b	P1342S	1342.0	P	S	ORF1ab
nuc:C18877T	B.1.621		nuc	C18877T	18877.0	C	T	ORF1ab
nuc:T19035C	B.1.621		nuc	T19035C	19035.0	T	C	ORF1ab
nuc:C20148T	B.1.621		nuc	C20148T	20148.0	C	T	ORF1ab
spike:T95I	B.1.621		spike	T95I	95.0	T	I	S
spike:Y145N	B.1.621		spike	Y145N	145.0	Y	N	S
spike:R346K	B.1.621		spike	R346K	346.0	R	K	S
spike:E484K	B.1.621		spike	E484K	484.0	E	K	S
spike:N501Y	B.1.621		spike	N501Y	501.0	N	Y	S
spike:D614G	B.1.621		spike	D614G	614.0	D	G	S
spike:P681H	B.1.621		spike	P681H	681.0	P	H	S
spike:D950N	B.1.621		spike	D950N	950.0	D	N	S
ORF3a:Q57H	B.1.621		ORF3a	Q57H	57.0	Q	H	ORF3a
nuc:A26492T	B.1.621		nuc	A26492T	26492.0	A	T	
ORF8:T11K	B.1.621		ORF8	T11K	11.0	T	K	ORF8
ORF8:P38S	B.1.621		ORF8	P38S	38.0	P	S	ORF8
ORF8:S67F	B.1.621		ORF8	S67F	67.0	S	F	ORF8
nuc:A28272T	B.1.621		nuc	A28272T	28272.0	A	T	
N:T205I	B.1.621		N	T205I	205.0	T	I	N
ORF1a:T1246I	C.37		ORF1a	T1246I	1246.0	T	I	ORF1ab
ORF1a:P2287S	C.37		ORF1a	P2287S	2287.0	P	S	ORF1ab
ORF1a:F2387V	C.37		ORF1a	F2387V	2387.0	F	V	ORF1ab
ORF1a:L3201P	C.37		ORF1a	L3201P	3201.0	L	P	ORF1ab
ORF1a:T3255I	C.37		ORF1a	T3255I	3255.0	T	I	ORF1ab
ORF1a:G3278S	C.37		ORF1a	G3278S	3278.0	G	S	ORF1ab
ORF1a:SGF3675-	C.37		ORF1a	SGF3675-	3675.0	SGF	-	ORF1ab
ORF1b:P314L	C.37		ORF1b	P314L	314.0	P	L	ORF1ab
S:G75V	C.37		S	G75V	75.0	G	V	S
S:T76I	C.37		S	T76I	76.0	T	I	S
S:RSYLTPG246-	C.37		S	RSYLTPG246-	246.0	RSYLTPG	-	S
S:L452Q	C.37		S	L452Q	452.0	L	Q	S
S:F490S	C.37		S	F490S	490.0	F	S	S
S:D614G	C.37		S	D614G	614.0	D	G	S
S:T859N	C.37		S	T859N	859.0	T	N	S
N:P13L	C.37		N	P13L	13.0	P	L	N
N:R203K	C.37		N	R203K	203.0	R	K	N
N:G204R	C.37		N	G204R	204.0	G	R	N
N:G214C	C.37		N	G214C	214.0	G	C	N
nuc:T733C	P.1		nuc	T733C	733.0	T	C	ORF1ab
nuc:C2749T	P.1		nuc	C2749T	2749.0	C	T	ORF1ab
ORF1ab:S1188L	P.1		ORF1ab	S1188L	1188.0	S	L	ORF1ab
ORF1ab:K1795Q	P.1		ORF1ab	K1795Q	1795.0	K	Q	ORF1ab
del:11287:9	P.1		del	11287	11287.0			ORF1ab
nuc:C12778T	P.1		nuc	C12778T	12778.0	C	T	ORF1ab
nuc:C13860T	P.1		nuc	C13860T	13860.0	C	T	ORF1ab
S:T20N	P.1		S	T20N	20.0	T	N	S
S:P26S	P.1		S	P26S	26.0	P	S	S
S:K417T	P.1		S	K417T	417.0	K	T	S
S:E484K	P.1		S	E484K	484.0	E	K	S
S:N501Y	P.1		S	N501Y	501.0	N	Y	S
S:T1027I	P.1		S	T1027I	1027.0	T	I	S
ORF8:E92K	P.1		ORF8	E92K	92.0	E	K	ORF8
nuc:28262+AACA	P.1		nuc	28262+AACA				
N:P80R	P.1		N	P80R	80.0	P	R	N
ORF1ab:L205V	P.2		ORF1ab	L205V	205.0	L	V	ORF1ab
nuc:C11824T	P.2		nuc	C11824T	11824.0	C	T	ORF1ab
S:E484K	P.2		S	E484K	484.0	E	K	S
nuc:A12964G	P.2		nuc	A12964G	12964.0	A	G	ORF1ab
nuc:C28253T	P.2		nuc	C28253T	28253.0	C	T	ORF8
N:A119S	P.2		N	A119S	119.0	A	S	N
N:M234I	P.2		N	M234I	234.0	M	I	N
nsp3:D736G	P.3		nsp3	D736G	736.0	D	G	ORF1ab
nsp4:L438P	P.3		nsp4	L438P	438.0	L	P	ORF1ab
nsp6:D112E	P.3		nsp6	D112E	112.0	D	E	ORF1ab
nsp7:L71F	P.3		nsp7	L71F	71.0	L	F	ORF1ab
nsp13:A368V	P.3		nsp13	A368V	368.0	A	V	ORF1ab
del:21980:9	P.3		del	21980	21980.0			S
S:E484K	P.3		S	E484K	484.0	E	K	S
S:N501Y	P.3		S	N501Y	501.0	N	Y	S
S:P681H	P.3		S	P681H	681.0	P	H	S
S:E1092K	P.3		S	E1092K	1092.0	E	K	S
S:H1101Y	P.3		S	H1101Y	1101.0	H	Y	S
S:V1176F	P.3		S	V1176F	1176.0	V	F	S
ORF8:K2Q	P.3		ORF8	K2Q	2.0	K	Q	ORF8
nuc:C7564A	P.3		nuc	C7564A	7564.0	C	A	ORF1ab
nuc:C12049T	P.3		nuc	C12049T	12049.0	C	T	ORF1ab
nuc:T23341C	P.3		nuc	T23341C	23341.0	T	C	S
nuc:T24187A	P.3		nuc	T24187A	24187.0	T	A	S
del:28271:1	AY.4	B.1.617.2	del	28271	28271.0			
del:22029:6	AY.4	B.1.617.2	del	22029	22029.0			S
del:28248:6	AY.4	B.1.617.2	del	28248	28248.0			ORF8
orf1a:A1306S	AY.4	B.1.617.2	orf1a	A1306S	1306.0	A	S	ORF1ab
orf1a:P2046L	AY.4	B.1.617.2	orf1a	P2046L	2046.0	P	L	ORF1ab
orf1a:P2287S	AY.4	B.1.617.2	orf1a	P2287S	2287.0	P	S	ORF1ab
orf1a:A2529V	AY.4	B.1.617.2	orf1a	A2529V	2529.0	A	V	ORF1ab
nuc:C8986T	AY.4	B.1.617.2	nuc	C8986T	8986.0	C	T	ORF1ab
orf1a:V2930L	AY.4	B.1.617.2	orf1a	V2930L	2930.0	V	L	ORF1ab
orf1a:T3255I	AY.4	B.1.617.2	orf1a	T3255I	3255.0	T	I	ORF1ab
orf1a:T3646A	AY.4	B.1.617.2	orf1a	T3646A	3646.0	T	A	ORF1ab
nuc:A11332G	AY.4	B.1.617.2	nuc	A11332G	11332.0	A	G	ORF1ab
orf1b:P314L	AY.4	B.1.617.2	orf1b	P314L	314.0	P	L	ORF1ab
orf1b:G662S	AY.4	B.1.617.2	orf1b	G662S	662.0	G	S	ORF1ab
orf1b:P1000L	AY.4	B.1.617.2	orf1b	P1000L	1000.0	P	L	ORF1ab
orf1b:A1918V	AY.4	B.1.617.2	orf1b	A1918V	1918.0	A	V	ORF1ab
nuc:C27874T	AY.4	B.1.617.2	nuc	C27874T	27874.0	C	T	ORF7b
n:G215C	AY.4	B.1.617.2	n	G215C	215.0	G	C	N
nuc:G29742T	AY.4	B.1.617.2	nuc	G29742T	29742.0	G	T	
S:T19R	AY.4		S	T19R	19.0	T	R	S
S:G142D	AY.4		S	G142D	142.0	G	D	S
S:L452R	AY.4		S	L452R	452.0	L	R	S
S:T478K	AY.4		S	T478K	478.0	T	K	S
S:P681R	AY.4		S	P681R	681.0	P	R	S
S:D950N	AY.4		S	D950N	950.0	D	N	S
ORF3a:S26L	AY.4		ORF3a	S26L	26.0	S	L	ORF3a
M:I82T	AY.4		M	I82T	82.0	I	T	M
ORF7a:V82A	AY.4		ORF7a	V82A	82.0	V	A	ORF7a
ORF7a:T120I	AY.4		ORF7a	T120I	120.0	T	I	ORF7a
N:D63G	AY.4		N	D63G	63.0	D	G	N
N:R203M	AY.4		N	R203M	203.0	R	M	N
N:D377Y	AY.4		N	D377Y	377.0	D	Y	N
orf1ab:K856R	BA.1	B.1.1.529	orf1ab	K856R	856.0	K	R	ORF1ab
nuc:T5386G	BA.1	B.1.1.529	nuc	T5386G	5386.0	T	G	ORF1ab
del:6513:3	BA.1	B.1.1.529	del	6513	6513.0			ORF1ab
orf1ab:A2710T	BA.1	B.1.1.529	orf1ab	A2710T	2710.0	A	T	ORF1ab
orf1ab:L3674F	BA.1	B.1.1.529	orf1ab	L3674F	3674.0	L	F	ORF1ab
orf1ab:I3758V	BA.1	B.1.1.529	orf1ab	I3758V	3758.0	I	V	ORF1ab
nuc:T13195C	BA.1	B.1.1.529	nuc	T13195C	13195.0	T	C	ORF1ab
nuc:C15240T	BA.1	B.1.1.529	nuc	C15240T	15240.0	C	T	ORF1ab
spike:A67V	BA.1	B.1.1.529	spike	A67V	67.0	A	V	S
del:21765:6	BA.1	B.1.1.529	del	21765	21765.0			S
spike:T95I	BA.1	B.1.1.529	spike	T95I	95.0	T	I	S
del:21987:9	BA.1	B.1.1.529	del	21987	21987.0			S
del:22194:3	BA.1	B.1.1.529	del	22194	22194.0			S
nuc:22205+GAGCCAGAA	BA.1	B.1.1.529	nuc	22205+GAGCCAGAA				
spike:S371L	BA.1	B.1.1.529	spike	S371L	371.0	S	L	S
spike:G446S	BA.1	B.1.1.529	spike	G446S	446.0	G	S	S
spike:G496S	BA.1	B.1.1.529	spike	G496S	496.0	G	S	S
spike:T547K	BA.1	B.1.1.529	spike	T547K	547.0	T	K	S
spike:N856K	BA.1	B.1.1.529	spike	N856K	856.0	N	K	S
spike:L981F	BA.1	B.1.1.529	spike	L981F	981.0	L	F	S
nuc:C25000T	BA.1	B.1.1.529	nuc	C25000T	25000.0	C	T	S
nuc:C25584T	BA.1	B.1.1.529	nuc	C25584T	25584.0	C	T	ORF3a
m:D3G	BA.1	B.1.1.529	m	D3G	3.0	D	G	M
nuc:C3037T	BA.1		nuc	C3037T	3037.0	C	T	ORF1ab
orf1ab:T3255I	BA.1		orf1ab	T3255I	3255.0	T	I	ORF1ab
orf1ab:P3395H	BA.1		orf1ab	P3395H	3395.0	P	H	ORF1ab
orf1ab:SGF3675-	BA.1		orf1ab	SGF3675-	3675.0	SGF	-	ORF1ab
orf1ab:P4715L	BA.1		orf1ab	P4715L	4715.0	P	L	ORF1ab
orf1ab:I5967V	BA.1		orf1ab	I5967V	5967.0	I	V	ORF1ab
spike:G142D	BA.1		spike	G142D	142.0	G	D	S
spike:G339D	BA.1		spike	G339D	339.0	G	D	S
spike:S373P	BA.1		spike	S373P	373.0	S	P	S
spike:S375F	BA.1		spike	S375F	375.0	S	F	S
spike:K417N	BA.1		spike	K417N	417.0	K	N	S
spike:N440K	BA.1		spike	N440K	440.0	N	K	S
spike:S477N	BA.1		spike	S477N	477.0	S	N	S
spike:T478K	BA.1		spike	T478K	478.0	T	K	S
spike:E484A	BA.1		spike	E484A	484.0	E	A	S
spike:Q493R	BA.1		spike	Q493R	493.0	Q	R	S
spike:Q498R	BA.1		spike	Q498R	498.0	Q	R	S
spike:N501Y	BA.1		spike	N501Y	501.0	N	Y	S
spike:Y505H	BA.1		spike	Y505H	505.0	Y	H	S
spike:D614G	BA.1		spike	D614G	614.0	D	G	S
spike:H655Y	BA.1		spike	H655Y	655.0	H	Y	S
spike:N679K	BA.1		spike	N679K	679.0	N	K	S
spike:P681H	BA.1		spike	P681H	681.0	P	H	S
spike:N764K	BA.1		spike	N764K	764.0	N	K	S
spike:D796Y	BA.1		spike	D796Y	796.0	D	Y	S
spike:Q954H	BA.1		spike	Q954H	954.0	Q	H	S
spike:N969K	BA.1		spike	N969K	969.0	N	K	S
e:T9I	BA.1		e	T9I	9.0	T	I	E
m:Q19E	BA.1		m	Q19E	19.0	Q	E	M
m:A63T	BA.1		m	A63T	63.0	A	T	M
nuc:A27259C	BA.1		nuc	A27259C	27259.0	A	C	ORF6
nuc:C27807T	BA.1		nuc	C27807T	27807.0	C	T	ORF7b
nuc:A28271T	BA.1		nuc	A28271T	28271.0	A	T	
n:P13L	BA.1		n	P13L	13.0	P	L	N
del:28362:9	BA.1		del	28362	28362.0			N
n:RG203KR	BA.1		n	RG203KR	203.0	RG	KR	N
orf1ab:S135R	BA.2	B.1.1.529	orf1ab	S135R	135.0	S	R	ORF1ab
orf1ab:T842I	BA.2	B.1.1.529	orf1ab	T842I	842.0	T	I	ORF1ab
orf1ab:G1307S	BA.2	B.1.1.529	orf1ab	G1307S	1307.0	G	S	ORF1ab
nuc:C4321T	BA.2	B.1.1.529	nuc	C4321T	4321.0	C	T	ORF1ab
orf1ab:L3027F	BA.2	B.1.1.529	orf1ab	L3027F	3027.0	L	F	ORF1ab
nuc:A9424G	BA.2	B.1.1.529	nuc	A9424G	9424.0	A	G	ORF1ab
orf1ab:T3090I	BA.2	B.1.1.529	orf1ab	T3090I	3090.0	T	I	ORF1ab
orf1ab:L3201F	BA.2	B.1.1.529	orf1ab	L3201F	3201.0	L	F	ORF1ab
nuc:C10198T	BA.2	B.1.1.529	nuc	C10198T	10198.0	C	T	ORF1ab
nuc:G10447A	BA.2	B.1.1.529	nuc	G10447A	10447.0	G	A	ORF1ab
nuc:C15714T	BA.2	B.1.1.529	nuc	C15714T	15714.0	C	T	ORF1ab
nuc:C12880T	BA.2	B.1.1.529	nuc	C12880T	12880.0	C	T	ORF1ab
nuc:C15714T	BA.2	B.1.1.529	nuc	C15714T	15714.0	C	T	ORF1ab
orf1ab:R5716C	BA.2	B.1.1.529	orf1ab	R5716C	5716.0	R	C	ORF1ab
orf1ab:T6564I	BA.2	B.1.1.529	orf1ab	T6564I	6564.0	T	I	ORF1ab
nuc:A20055G	BA.2	B.1.1.529	nuc	A20055G	20055.0	A	G	ORF1ab
spike:T19I	BA.2	B.1.1.529	spike	T19I	19.0	T	I	S
del:21633:9	BA.2	B.1.1.529	del	21633	21633.0			S
nuc:T22200G	BA.2	B.1.1.529	nuc	T22200G	22200.0	T	G	S
spike:S371F	BA.2	B.1.1.529	spike	S371F	371.0	S	F	S
spike:T376A	BA.2	B.1.1.529	spike	T376A	376.0	T	A	S
spike:D405N	BA.2	B.1.1.529	spike	D405N	405.0	D	N	S
spike:R408S	BA.2	B.1.1.529	spike	R408S	408.0	R	S	S
nuc:C25000T	BA.2	B.1.1.529	nuc	C25000T	25000.0	C	T	S
nuc:C25584T	BA.2	B.1.1.529	nuc	C25584T	25584.0	C	T	ORF3a
nuc:C26060T	BA.2	B.1.1.529	nuc	C26060T	26060.0	C	T	ORF3a
nuc:C26858T	BA.2	B.1.1.529	nuc	C26858T	26858.0	C	T	M
orf6:D61L	BA.2	B.1.1.529	orf6	D61L	61.0	D	L	ORF6
n:S413R	BA.2	B.1.1.529	n	S413R	413.0	S	R	N
nuc:C3037T	BA.2		nuc	C3037T	3037.0	C	T	ORF1ab
orf1ab:T3255I	BA.2		orf1ab	T3255I	3255.0	T	I	ORF1ab
orf1ab:P3395H	BA.2		orf1ab	P3395H	3395.0	P	H	ORF1ab
orf1ab:SGF3675-	BA.2		orf1ab	SGF3675-	3675.0	SGF	-	ORF1ab
orf1ab:P4715L	BA.2		orf1ab	P4715L	4715.0	P	L	ORF1ab
orf1ab:I5967V	BA.2		orf1ab	I5967V	5967.0	I	V	ORF1ab
spike:G142D	BA.2		spike	G142D	142.0	G	D	S
spike:G339D	BA.2		spike	G339D	339.0	G	D	S
spike:S373P	BA.2		spike	S373P	373.0	S	P	S
spike:S375F	BA.2		spike	S375F	375.0	S	F	S
spike:K417N	BA.2		spike	K417N	417.0	K	N	S
spike:N440K	BA.2		spike	N440K	440.0	N	K	S
spike:S477N	BA.2		spike	S477N	477.0	S	N	S
spike:T478K	BA.2		spike	T478K	478.0	T	K	S
spike:E484A	BA.2		spike	E484A	484.0	E	A	S
spike:Q493R	BA.2		spike	Q493R	493.0	Q	R	S
spike:Q498R	BA.2		spike	Q498R	498.0	Q	R	S
spike:N501Y	BA.2		spike	N501Y	501.0	N	Y	S
spike:Y505H	BA.2		spike	Y505H	505.0	Y	H	S
spike:D614G	BA.2		spike	D614G	614.0	D	G	S
spike:H655Y	BA.2		spike	H655Y	655.0	H	Y	S
spike:N679K	BA.2		spike	N679K	679.0	N	K	S
spike:P681H	BA.2		spike	P681H	681.0	P	H	S
spike:N764K	BA.2		spike	N764K	764.0	N	K	S
spike:D796Y	BA.2		spike	D796Y	796.0	D	Y	S
spike:Q954H	BA.2		spike	Q954H	954.0	Q	H	S
spike:N969K	BA.2		spike	N969K	969.0	N	K	S
e:T9I	BA.2		e	T9I	9.0	T	I	E
m:Q19E	BA.2		m	Q19E	19.0	Q	E	M
m:A63T	BA.2		m	A63T	63.0	A	T	M
nuc:A27259C	BA.2		nuc	A27259C	27259.0	A	C	ORF6
nuc:C27807T	BA.2		nuc	C27807T	27807.0	C	T	ORF7b
nuc:A28271T	BA.2		nuc	A28271T	28271.0	A	T	
n:P13L	BA.2		n	P13L	13.0	P	L	N
del:28362:9	BA.2		del	28362	28362.0			N
n:RG203KR	BA.2		n	RG203KR	203.0	RG	KR	N
orf1ab:S135R	BA.3	B.1.1.529	orf1ab	S135R	135.0	S	R	ORF1ab
nuc:C832T	BA.3	B.1.1.529	nuc	C832T	832.0	C	T	ORF1ab
orf1ab:G1307S	BA.3	B.1.1.529	orf1ab	G1307S	1307.0	G	S	ORF1ab
orf1ab:T3090I	BA.3	B.1.1.529	orf1ab	T3090I	3090.0	T	I	ORF1ab
nuc:G10447A	BA.3	B.1.1.529	nuc	G10447A	10447.0	G	A	ORF1ab
nuc:C11235T	BA.3	B.1.1.529	nuc	C11235T	11235.0	C	T	ORF1ab
nuc:C12880T	BA.3	B.1.1.529	nuc	C12880T	12880.0	C	T	ORF1ab
nuc:C15714T	BA.3	B.1.1.529	nuc	C15714T	15714.0	C	T	ORF1ab
orf1ab:I5967V	BA.3	B.1.1.529	orf1ab	I5967V	5967.0	I	V	ORF1ab
spike:A67V	BA.3	B.1.1.529	spike	A67V	67.0	A	V	S
del:21765:6	BA.3	B.1.1.529	del	21765	21765.0			S
del:21987:9	BA.3	B.1.1.529	del	21987	21987.0			S
del:22194:3	BA.3	B.1.1.529	del	22194	22194.0			S
spike:S371F	BA.3	B.1.1.529	spike	S371F	371.0	S	F	S
spike:D405N	BA.3	B.1.1.529	spike	D405N	405.0	D	N	S
spike:G446S	BA.3	B.1.1.529	spike	G446S	446.0	G	S	S
orf3a:T223V	BA.3	B.1.1.529	orf3a	T223V	223.0	T	V	ORF3a
nuc:C26858T	BA.3	B.1.1.529	nuc	C26858T	26858.0	C	T	M
n:S413R	BA.3	B.1.1.529	n	S413R	413.0	S	R	N
nuc:C3037T	BA.3		nuc	C3037T	3037.0	C	T	ORF1ab
orf1ab:T3255I	BA.3		orf1ab	T3255I	3255.0	T	I	ORF1ab
orf1ab:P3395H	BA.3		orf1ab	P3395H	3395.0	P	H	ORF1ab
orf1ab:SGF3675-	BA.3		orf1ab	SGF3675-	3675.0	SGF	-	ORF1ab
orf1ab:P4715L	BA.3		orf1ab	P4715L	4715.0	P	L	ORF1ab
orf1ab:I5967V	BA.3		orf1ab	I5967V	5967.0	I	V	ORF1ab
spike:G142D	BA.3		spike	G142D	142.0	G	D	S
spike:G339D	BA.3		spike	G339D	339.0	G	D	S
spike:S373P	BA.3		spike	S373P	373.0	S	P	S
spike:S375F	BA.3		spike	S375F	375.0	S	F	S
spike:K417N	BA.3		spike	K417N	417.0	K	N	S
spike:N440K	BA.3		spike	N440K	440.0	N	K	S
spike:S477N	BA.3		spike	S477N	477.0	S	N	S
spike:T478K	BA.3		spike	T478K	478.0	T	K	S
spike:E484A	BA.3		spike	E484A	484.0	E	A	S
spike:Q493R	BA.3		spike	Q493R	493.0	Q	R	S
spike:Q498R	BA.3		spike	Q498R	498.0	Q	R	S
spike:N501Y	BA.3		spike	N501Y	501.0	N	Y	S
spike:Y505H	BA.3		spike	Y505H	505.0	Y	H	S
spike:D614G	BA.3		spike	D614G	614.0	D	G	S
spike:H655Y	BA.3		spike	H655Y	655.0	H	Y	S
spike:N679K	BA.3		spike	N679K	679.0	N	K	S
spike:P681H	BA.3		spike	P681H	681.0	P	H	S
spike:N764K	BA.3		spike	N764K	764.0	N	K	S
spike:D796Y	BA.3		spike	D796Y	796.0	D	Y	S
spike:Q954H	BA.3		spike	Q954H	954.0	Q	H	S
spike:N969K	BA.3		spike	N969K	969.0	N	K	S
e:T9I	BA.3		e	T9I	9.0	T	I	E
m:Q19E	BA.3		m	Q19E	19.0	Q	E	M
m:A63T	BA.3		m	A63T	63.0	A	T	M
nuc:A27259C	BA.3		nuc	A27259C	27259.0	A	C	ORF6
nuc:C27807T	BA.3		nuc	C27807T	27807.0	C	T	ORF7b
nuc:A28271T	BA.3		nuc	A28271T	28271.0	A	T	
n:P13L	BA.3		n	P13L	13.0	P	L	N
del:28362:9	BA.3		del	28362	28362.0			N
n:RG203KR	BA.3		n	RG203KR	203.0	RG	KR	N
nuc:T17040C	AY.4.2	AY.4	nuc	T17040C	17040.0	T	C	ORF1ab
spike:A222V	AY.4.2	AY.4	spike	A222V	222.0	A	V	S
spike:Y145H	AY.4.2	AY.4	spike	Y145H	145.0	Y	H	S
del:28271:1	AY.4.2	B.1.617.2	del	28271	28271.0			
del:22029:6	AY.4.2	B.1.617.2	del	22029	22029.0			S
del:28248:6	AY.4.2	B.1.617.2	del	28248	28248.0			ORF8
orf1a:A1306S	AY.4.2	B.1.617.2	orf1a	A1306S	1306.0	A	S	ORF1ab
orf1a:P2046L	AY.4.2	B.1.617.2	orf1a	P2046L	2046.0	P	L	ORF1ab
orf1a:P2287S	AY.4.2	B.1.617.2	orf1a	P2287S	2287.0	P	S	ORF1ab
orf1a:A2529V	AY.4.2	B.1.617.2	orf1a	A2529V	2529.0	A	V	ORF1ab
nuc:C8986T	AY.4.2	B.1.617.2	nuc	C8986T	8986.0	C	T	ORF1ab
orf1a:V2930L	AY.4.2	B.1.617.2	orf1a	V2930L	2930.0	V	L	ORF1ab
orf1a:T3255I	AY.4.2	B.1.617.2	orf1a	T3255I	3255.0	T	I	ORF1ab
orf1a:T3646A	AY.4.2	B.1.617.2	orf1a	T3646A	3646.0	T	A	ORF1ab
nuc:A11332G	AY.4.2	B.1.617.2	nuc	A11332G	11332.0	A	G	ORF1ab
orf1b:P314L	AY.4.2	B.1.617.2	orf1b	P314L	314.0	P	L	ORF1ab
orf1b:G662S	AY.4.2	B.1.617.2	orf1b	G662S	662.0	G	S	ORF1ab
orf1b:P1000L	AY.4.2	B.1.617.2	orf1b	P1000L	1000.0	P	L	ORF1ab
orf1b:A1918V	AY.4.2	B.1.617.2	orf1b	A1918V	1918.0	A	V	ORF1ab
nuc:C27874T	AY.4.2	B.1.617.2	nuc	C27874T	27874.0	C	T	ORF7b
n:G215C	AY.4.2	B.1.617.2	n	G215C	215.0	G	C	N
nuc:G29742T	AY.4.2	B.1.617.2	nuc	G29742T	29742.0	G	T	
S:T19R	AY.4.2		S	T19R	19.0	T	R	S
S:G142D	AY.4.2		S	G142D	142.0	G	D	S
S:L452R	AY.4.2		S	L452R	452.0	L	R	S
S:T478K	AY.4.2		S	T478K	478.0	T	K	S
S:P681R	AY.4.2		S	P681R	681.0	P	R	S
S:D950N	AY.4.2		S	D950N	950.0	D	N	S
ORF3a:S26L	AY.4.2		ORF3a	S26L	26.0	S	L	ORF3a
M:I82T	AY.4.2		M	I82T	82.0	I	T	M
ORF7a:V82A	AY.4.2		ORF7a	V82A	82.0	V	A	ORF7a
ORF7a:T120I	AY.4.2		ORF7a	T120I	120.0	T	I	ORF7a
N:D63G	AY.4.2		N	D63G	63.0	D	G	N
N:R203M	AY.4.2		N	R203M	203.0	R	M	N
N:D377Y	AY.4.2		N	D377Y	377.0	D	Y	N
